{"cameraMode":{"drawMode":0,"name":"Shaded","section":"Shading Mode"},"sceneLighting":true,"audioPlay":false,"sceneViewState":{"m_AlwaysRefresh":false,"showFog":true,"showSkybox":true,"showFlares":true,"showImageEffects":true,"showParticleSystems":true,"showVisualEffectGraphs":true,"m_FxEnabled":true},"in2DMode":false,"pivot":{"x":3.958242416381836,"y":-2.4016919136047365,"z":19.39968490600586},"rotation":{"x":-0.1237117126584053,"y":-0.16149179637432099,"z":0.020307054743170739,"w":-0.9787855744361877},"size":13.502446174621582,"orthographic":false}