{"cameraMode":{"drawMode":0,"name":"Shaded","section":"Shading Mode"},"sceneLighting":true,"audioPlay":false,"sceneViewState":{"m_AlwaysRefresh":false,"showFog":true,"showSkybox":true,"showFlares":true,"showImageEffects":true,"showParticleSystems":true,"showVisualEffectGraphs":true,"m_FxEnabled":true},"in2DMode":false,"pivot":{"x":22.24164581298828,"y":-32.024681091308597,"z":43.789520263671878},"rotation":{"x":-0.31609493494033816,"y":-0.2633207142353058,"z":0.09163688868284226,"w":-0.9066855311393738},"size":40.101707458496097,"orthographic":false}